Title,Genre,ReleaseDate,Runtime,IMDB Score,Language,Views,AddedDate
"Ram Dass, Going Home",Documentary,06-04-2018,31,7.1,English,83941,19-01-2023
On My Skin,Crime drama,12-09-2018,100,7.3,Italian,83625,19-01-2023
City of Joy,Documentary,07-09-2018,74,7.5,English,1024,19-01-2023
The Social Dilemma,Documentary,09-09-2020,94,7.6,English,443915575,19-01-2023
Justin Timberlake + The Tennessee Kids,Concert Film,12-10-2016,90,7.7,English,148504,19-01-2023
Emicida: AmarElo - It's All For Yesterday,Documentary,08-12-2020,89,8.6,Portuguese,898854,19-01-2023
,,,,,,,
