Title,Genre,ReleaseDate,Runtime,IMDB Score,Language,Views,AddedDate
Rocko's Modern Life: Static Cling,Animation / Comedy,09-08-2019,45,7,English,213764,17-01-2023
ReMastered: Tricky Dick & the Man in Black,Documentary,02-11-2018,58,7.1,,297984,17-01-2023
Raat Akeli Hai,Thriller,31-07-2020,149,7.3,Hindi,622089,17-01-2023
Dick Johnson Is Dead,Documentary,02-10-2020,90,7.5,English,143389,17-01-2023
The Two Popes,Drama,20-12-2019,125,7.6,English,22941,17-01-2023
The Three Deaths of Marisela Escobedo,Documentary,14-10-2020,109,8.2,Spanish,238206,17-01-2023
David Attenborough: A Life on Our Planet,Documentary,04-10-2020,83,9,English,6005941,17-01-2023
The Three Deaths of Marisela Escobedo,Documentary,14-10-2020,109,8.2,Spanish,238206,17-01-2023
